id_peixe,levantamento,comprimento_cm,idade_anos,tem_idade_atribuida,classe_comprimento
1,KAH8810,11,1,TRUE,comprimento_Q1
2,KAH8810,11,1,TRUE,comprimento_Q1
3,KAH8810,11,1,TRUE,comprimento_Q1
4,KAH8810,11,1,TRUE,comprimento_Q1
5,KAH8810,11,1,TRUE,comprimento_Q1
6,KAH8810,11,1,TRUE,comprimento_Q1
7,KAH8810,11,1,TRUE,comprimento_Q1
8,KAH8810,11,1,TRUE,comprimento_Q1
9,KAH8810,11,1,TRUE,comprimento_Q1
10,KAH8810,11,1,TRUE,comprimento_Q1
11,KAH8810,11,1,TRUE,comprimento_Q1
12,KAH8810,11,1,TRUE,comprimento_Q1
13,KAH8810,11,1,TRUE,comprimento_Q1
14,KAH8810,11,1,TRUE,comprimento_Q1
15,KAH8810,11,1,TRUE,comprimento_Q1
16,KAH8810,11,1,TRUE,comprimento_Q1
17,KAH8810,11,1,TRUE,comprimento_Q1
18,KAH8810,11,2,TRUE,comprimento_Q1
19,KAH8810,12,1,TRUE,comprimento_Q1
20,KAH8810,12,1,TRUE,comprimento_Q1
21,KAH8810,12,1,TRUE,comprimento_Q1
22,KAH8810,12,1,TRUE,comprimento_Q1
23,KAH8810,12,1,TRUE,comprimento_Q1
24,KAH8810,12,1,TRUE,comprimento_Q1
25,KAH8810,12,1,TRUE,comprimento_Q1
26,KAH8810,12,1,TRUE,comprimento_Q1
27,KAH8810,12,1,TRUE,comprimento_Q1
28,KAH8810,12,1,TRUE,comprimento_Q1
29,KAH8810,12,1,TRUE,comprimento_Q1
30,KAH8810,12,1,TRUE,comprimento_Q1
31,KAH8810,12,1,TRUE,comprimento_Q1
32,KAH8810,12,1,TRUE,comprimento_Q1
33,KAH8810,12,2,TRUE,comprimento_Q1
34,KAH8810,13,1,TRUE,comprimento_Q1
35,KAH8810,13,1,TRUE,comprimento_Q1
36,KAH8810,13,1,TRUE,comprimento_Q1
37,KAH8810,13,1,TRUE,comprimento_Q1
38,KAH8810,13,1,TRUE,comprimento_Q1
39,KAH8810,13,1,TRUE,comprimento_Q1
40,KAH8810,13,1,TRUE,comprimento_Q1
41,KAH8810,13,1,TRUE,comprimento_Q1
42,KAH8810,13,1,TRUE,comprimento_Q1
43,KAH8810,13,2,TRUE,comprimento_Q1
44,KAH8810,13,2,TRUE,comprimento_Q1
45,KAH8810,13,2,TRUE,comprimento_Q1
46,KAH8810,13,2,TRUE,comprimento_Q1
47,KAH8810,13,2,TRUE,comprimento_Q1
48,KAH8810,13,2,TRUE,comprimento_Q1
49,KAH8810,14,2,TRUE,comprimento_Q1
50,KAH8810,14,2,TRUE,comprimento_Q1
51,KAH8810,14,2,TRUE,comprimento_Q1
52,KAH8810,14,2,TRUE,comprimento_Q1
53,KAH8810,14,2,TRUE,comprimento_Q1
54,KAH8810,14,2,TRUE,comprimento_Q1
55,KAH8810,14,2,TRUE,comprimento_Q1
56,KAH8810,14,2,TRUE,comprimento_Q1
57,KAH8810,14,2,TRUE,comprimento_Q1
58,KAH8810,14,2,TRUE,comprimento_Q1
59,KAH8810,14,2,TRUE,comprimento_Q1
60,KAH8810,14,2,TRUE,comprimento_Q1
61,KAH8810,14,2,TRUE,comprimento_Q1
62,KAH8810,14,2,TRUE,comprimento_Q1
63,KAH8810,14,3,TRUE,comprimento_Q1
64,KAH8810,15,2,TRUE,comprimento_Q1
65,KAH8810,15,2,TRUE,comprimento_Q1
66,KAH8810,15,2,TRUE,comprimento_Q1
67,KAH8810,15,2,TRUE,comprimento_Q1
68,KAH8810,15,2,TRUE,comprimento_Q1
69,KAH8810,15,2,TRUE,comprimento_Q1
70,KAH8810,15,2,TRUE,comprimento_Q1
71,KAH8810,15,2,TRUE,comprimento_Q1
72,KAH8810,15,2,TRUE,comprimento_Q1
73,KAH8810,15,2,TRUE,comprimento_Q1
74,KAH8810,15,2,TRUE,comprimento_Q1
75,KAH8810,15,2,TRUE,comprimento_Q1
76,KAH8810,15,3,TRUE,comprimento_Q1
77,KAH8810,15,3,TRUE,comprimento_Q1
78,KAH8810,16,2,TRUE,comprimento_Q1
79,KAH8810,16,2,TRUE,comprimento_Q1
80,KAH8810,16,2,TRUE,comprimento_Q1
81,KAH8810,16,2,TRUE,comprimento_Q1
82,KAH8810,16,2,TRUE,comprimento_Q1
83,KAH8810,16,2,TRUE,comprimento_Q1
84,KAH8810,16,2,TRUE,comprimento_Q1
85,KAH8810,16,2,TRUE,comprimento_Q1
86,KAH8810,16,2,TRUE,comprimento_Q1
87,KAH8810,16,2,TRUE,comprimento_Q1
88,KAH8810,16,2,TRUE,comprimento_Q1
89,KAH8810,16,2,TRUE,comprimento_Q1
90,KAH8810,16,2,TRUE,comprimento_Q1
91,KAH8810,16,3,TRUE,comprimento_Q1
92,KAH8810,16,3,TRUE,comprimento_Q1
93,KAH8810,17,2,TRUE,comprimento_Q1
94,KAH8810,17,2,TRUE,comprimento_Q1
95,KAH8810,17,2,TRUE,comprimento_Q1
96,KAH8810,17,2,TRUE,comprimento_Q1
97,KAH8810,17,2,TRUE,comprimento_Q1
98,KAH8810,17,2,TRUE,comprimento_Q1
99,KAH8810,17,2,TRUE,comprimento_Q1
100,KAH8810,17,2,TRUE,comprimento_Q1
101,KAH8810,17,2,TRUE,comprimento_Q1
102,KAH8810,17,2,TRUE,comprimento_Q1
103,KAH8810,17,2,TRUE,comprimento_Q1
104,KAH8810,17,2,TRUE,comprimento_Q1
105,KAH8810,17,3,TRUE,comprimento_Q1
106,KAH8810,17,3,TRUE,comprimento_Q1
107,KAH8810,17,3,TRUE,comprimento_Q1
108,KAH8810,18,2,TRUE,comprimento_Q2
109,KAH8810,18,2,TRUE,comprimento_Q2
110,KAH8810,18,2,TRUE,comprimento_Q2
111,KAH8810,18,2,TRUE,comprimento_Q2
112,KAH8810,18,2,TRUE,comprimento_Q2
113,KAH8810,18,2,TRUE,comprimento_Q2
114,KAH8810,18,2,TRUE,comprimento_Q2
115,KAH8810,18,2,TRUE,comprimento_Q2
116,KAH8810,18,3,TRUE,comprimento_Q2
117,KAH8810,18,3,TRUE,comprimento_Q2
118,KAH8810,18,3,TRUE,comprimento_Q2
119,KAH8810,18,3,TRUE,comprimento_Q2
120,KAH8810,18,3,TRUE,comprimento_Q2
121,KAH8810,18,3,TRUE,comprimento_Q2
122,KAH8810,18,3,TRUE,comprimento_Q2
123,KAH8810,19,2,TRUE,comprimento_Q2
124,KAH8810,19,2,TRUE,comprimento_Q2
125,KAH8810,19,2,TRUE,comprimento_Q2
126,KAH8810,19,2,TRUE,comprimento_Q2
127,KAH8810,19,3,TRUE,comprimento_Q2
128,KAH8810,19,3,TRUE,comprimento_Q2
129,KAH8810,19,3,TRUE,comprimento_Q2
130,KAH8810,19,3,TRUE,comprimento_Q2
131,KAH8810,19,3,TRUE,comprimento_Q2
132,KAH8810,19,3,TRUE,comprimento_Q2
133,KAH8810,19,3,TRUE,comprimento_Q2
134,KAH8810,19,3,TRUE,comprimento_Q2
135,KAH8810,19,3,TRUE,comprimento_Q2
136,KAH8810,19,3,TRUE,comprimento_Q2
137,KAH8810,19,4,TRUE,comprimento_Q2
138,KAH8810,20,2,TRUE,comprimento_Q2
139,KAH8810,20,3,TRUE,comprimento_Q2
140,KAH8810,20,3,TRUE,comprimento_Q2
141,KAH8810,20,3,TRUE,comprimento_Q2
142,KAH8810,20,3,TRUE,comprimento_Q2
143,KAH8810,20,3,TRUE,comprimento_Q2
144,KAH8810,20,3,TRUE,comprimento_Q2
145,KAH8810,20,3,TRUE,comprimento_Q2
146,KAH8810,20,3,TRUE,comprimento_Q2
147,KAH8810,20,3,TRUE,comprimento_Q2
148,KAH8810,20,3,TRUE,comprimento_Q2
149,KAH8810,20,3,TRUE,comprimento_Q2
150,KAH8810,20,3,TRUE,comprimento_Q2
151,KAH8810,20,3,TRUE,comprimento_Q2
152,KAH8810,20,3,TRUE,comprimento_Q2
153,KAH8810,20,3,TRUE,comprimento_Q2
154,KAH8810,20,3,TRUE,comprimento_Q2
155,KAH8810,20,3,TRUE,comprimento_Q2
156,KAH8810,20,3,TRUE,comprimento_Q2
157,KAH8810,20,4,TRUE,comprimento_Q2
158,KAH8810,21,3,TRUE,comprimento_Q2
159,KAH8810,21,3,TRUE,comprimento_Q2
160,KAH8810,21,3,TRUE,comprimento_Q2
161,KAH8810,21,3,TRUE,comprimento_Q2
162,KAH8810,21,3,TRUE,comprimento_Q2
163,KAH8810,21,3,TRUE,comprimento_Q2
164,KAH8810,21,3,TRUE,comprimento_Q2
165,KAH8810,21,3,TRUE,comprimento_Q2
166,KAH8810,21,3,TRUE,comprimento_Q2
167,KAH8810,21,3,TRUE,comprimento_Q2
168,KAH8810,21,3,TRUE,comprimento_Q2
169,KAH8810,21,3,TRUE,comprimento_Q2
170,KAH8810,21,3,TRUE,comprimento_Q2
171,KAH8810,21,3,TRUE,comprimento_Q2
172,KAH8810,21,4,TRUE,comprimento_Q2
173,KAH8810,21,4,TRUE,comprimento_Q2
174,KAH8810,21,4,TRUE,comprimento_Q2
175,KAH8810,21,4,TRUE,comprimento_Q2
176,KAH8810,21,4,TRUE,comprimento_Q2
177,KAH8810,21,4,TRUE,comprimento_Q2
178,KAH8810,22,3,TRUE,comprimento_Q2
179,KAH8810,22,3,TRUE,comprimento_Q2
180,KAH8810,22,3,TRUE,comprimento_Q2
181,KAH8810,22,3,TRUE,comprimento_Q2
182,KAH8810,22,3,TRUE,comprimento_Q2
183,KAH8810,22,3,TRUE,comprimento_Q2
184,KAH8810,22,3,TRUE,comprimento_Q2
185,KAH8810,22,4,TRUE,comprimento_Q2
186,KAH8810,22,4,TRUE,comprimento_Q2
187,KAH8810,22,4,TRUE,comprimento_Q2
188,KAH8810,22,4,TRUE,comprimento_Q2
189,KAH8810,22,4,TRUE,comprimento_Q2
190,KAH8810,22,4,TRUE,comprimento_Q2
191,KAH8810,22,4,TRUE,comprimento_Q2
192,KAH8810,22,4,TRUE,comprimento_Q2
193,KAH8810,22,4,TRUE,comprimento_Q2
194,KAH8810,22,4,TRUE,comprimento_Q2
195,KAH8810,22,4,TRUE,comprimento_Q2
196,KAH8810,22,4,TRUE,comprimento_Q2
197,KAH8810,22,5,TRUE,comprimento_Q2
198,KAH8810,23,3,TRUE,comprimento_Q2
199,KAH8810,23,3,TRUE,comprimento_Q2
200,KAH8810,23,3,TRUE,comprimento_Q2
201,KAH8810,23,3,TRUE,comprimento_Q2
202,KAH8810,23,4,TRUE,comprimento_Q2
203,KAH8810,23,4,TRUE,comprimento_Q2
204,KAH8810,23,4,TRUE,comprimento_Q2
205,KAH8810,23,4,TRUE,comprimento_Q2
206,KAH8810,23,4,TRUE,comprimento_Q2
207,KAH8810,23,4,TRUE,comprimento_Q2
208,KAH8810,23,4,TRUE,comprimento_Q2
209,KAH8810,23,4,TRUE,comprimento_Q2
210,KAH8810,23,4,TRUE,comprimento_Q2
211,KAH8810,23,4,TRUE,comprimento_Q2
212,KAH8810,23,4,TRUE,comprimento_Q2
213,KAH8810,23,4,TRUE,comprimento_Q2
214,KAH8810,23,4,TRUE,comprimento_Q2
215,KAH8810,23,4,TRUE,comprimento_Q2
216,KAH8810,23,5,TRUE,comprimento_Q2
217,KAH8810,24,3,TRUE,comprimento_Q3
218,KAH8810,24,4,TRUE,comprimento_Q3
219,KAH8810,24,4,TRUE,comprimento_Q3
220,KAH8810,24,4,TRUE,comprimento_Q3
221,KAH8810,24,4,TRUE,comprimento_Q3
222,KAH8810,24,4,TRUE,comprimento_Q3
223,KAH8810,24,4,TRUE,comprimento_Q3
224,KAH8810,24,4,TRUE,comprimento_Q3
225,KAH8810,24,4,TRUE,comprimento_Q3
226,KAH8810,24,4,TRUE,comprimento_Q3
227,KAH8810,24,4,TRUE,comprimento_Q3
228,KAH8810,24,4,TRUE,comprimento_Q3
229,KAH8810,24,4,TRUE,comprimento_Q3
230,KAH8810,24,4,TRUE,comprimento_Q3
231,KAH8810,24,4,TRUE,comprimento_Q3
232,KAH8810,24,4,TRUE,comprimento_Q3
233,KAH8810,24,4,TRUE,comprimento_Q3
234,KAH8810,24,5,TRUE,comprimento_Q3
235,KAH8810,24,5,TRUE,comprimento_Q3
236,KAH8810,24,5,TRUE,comprimento_Q3
237,KAH8810,25,4,TRUE,comprimento_Q3
238,KAH8810,25,4,TRUE,comprimento_Q3
239,KAH8810,25,4,TRUE,comprimento_Q3
240,KAH8810,25,4,TRUE,comprimento_Q3
241,KAH8810,25,4,TRUE,comprimento_Q3
242,KAH8810,25,4,TRUE,comprimento_Q3
243,KAH8810,25,4,TRUE,comprimento_Q3
244,KAH8810,25,4,TRUE,comprimento_Q3
245,KAH8810,25,4,TRUE,comprimento_Q3
246,KAH8810,25,4,TRUE,comprimento_Q3
247,KAH8810,25,4,TRUE,comprimento_Q3
248,KAH8810,25,4,TRUE,comprimento_Q3
249,KAH8810,25,4,TRUE,comprimento_Q3
250,KAH8810,25,4,TRUE,comprimento_Q3
251,KAH8810,25,5,TRUE,comprimento_Q3
252,KAH8810,25,5,TRUE,comprimento_Q3
253,KAH8810,25,5,TRUE,comprimento_Q3
254,KAH8810,25,5,TRUE,comprimento_Q3
255,KAH8810,25,5,TRUE,comprimento_Q3
256,KAH8810,25,5,TRUE,comprimento_Q3
257,KAH8810,25,5,TRUE,comprimento_Q3
258,KAH8810,25,5,TRUE,comprimento_Q3
259,KAH8810,25,5,TRUE,comprimento_Q3
260,KAH8810,26,4,TRUE,comprimento_Q3
261,KAH8810,26,4,TRUE,comprimento_Q3
262,KAH8810,26,4,TRUE,comprimento_Q3
263,KAH8810,26,4,TRUE,comprimento_Q3
264,KAH8810,26,4,TRUE,comprimento_Q3
265,KAH8810,26,4,TRUE,comprimento_Q3
266,KAH8810,26,4,TRUE,comprimento_Q3
267,KAH8810,26,4,TRUE,comprimento_Q3
268,KAH8810,26,4,TRUE,comprimento_Q3
269,KAH8810,26,4,TRUE,comprimento_Q3
270,KAH8810,26,4,TRUE,comprimento_Q3
271,KAH8810,26,4,TRUE,comprimento_Q3
272,KAH8810,26,4,TRUE,comprimento_Q3
273,KAH8810,26,5,TRUE,comprimento_Q3
274,KAH8810,26,5,TRUE,comprimento_Q3
275,KAH8810,26,5,TRUE,comprimento_Q3
276,KAH8810,26,5,TRUE,comprimento_Q3
277,KAH8810,26,5,TRUE,comprimento_Q3
278,KAH8810,26,5,TRUE,comprimento_Q3
279,KAH8810,26,5,TRUE,comprimento_Q3
280,KAH8810,26,5,TRUE,comprimento_Q3
281,KAH8810,26,8,TRUE,comprimento_Q3
282,KAH8810,26,9,TRUE,comprimento_Q3
283,KAH8810,27,4,TRUE,comprimento_Q3
284,KAH8810,27,4,TRUE,comprimento_Q3
285,KAH8810,27,4,TRUE,comprimento_Q3
286,KAH8810,27,4,TRUE,comprimento_Q3
287,KAH8810,27,4,TRUE,comprimento_Q3
288,KAH8810,27,4,TRUE,comprimento_Q3
289,KAH8810,27,5,TRUE,comprimento_Q3
290,KAH8810,27,5,TRUE,comprimento_Q3
291,KAH8810,27,5,TRUE,comprimento_Q3
292,KAH8810,27,5,TRUE,comprimento_Q3
293,KAH8810,27,5,TRUE,comprimento_Q3
294,KAH8810,27,5,TRUE,comprimento_Q3
295,KAH8810,27,5,TRUE,comprimento_Q3
296,KAH8810,27,5,TRUE,comprimento_Q3
297,KAH8810,27,5,TRUE,comprimento_Q3
298,KAH8810,27,5,TRUE,comprimento_Q3
299,KAH8810,27,5,TRUE,comprimento_Q3
300,KAH8810,27,5,TRUE,comprimento_Q3
301,KAH8810,27,7,TRUE,comprimento_Q3
302,KAH8810,27,9,TRUE,comprimento_Q3
303,KAH8810,28,4,TRUE,comprimento_Q3
304,KAH8810,28,4,TRUE,comprimento_Q3
305,KAH8810,28,5,TRUE,comprimento_Q3
306,KAH8810,28,5,TRUE,comprimento_Q3
307,KAH8810,28,5,TRUE,comprimento_Q3
308,KAH8810,28,5,TRUE,comprimento_Q3
309,KAH8810,28,5,TRUE,comprimento_Q3
310,KAH8810,28,5,TRUE,comprimento_Q3
311,KAH8810,28,5,TRUE,comprimento_Q3
312,KAH8810,28,5,TRUE,comprimento_Q3
313,KAH8810,28,5,TRUE,comprimento_Q3
314,KAH8810,28,5,TRUE,comprimento_Q3
315,KAH8810,28,5,TRUE,comprimento_Q3
316,KAH8810,28,5,TRUE,comprimento_Q3
317,KAH8810,28,5,TRUE,comprimento_Q3
318,KAH8810,28,5,TRUE,comprimento_Q3
319,KAH8810,28,5,TRUE,comprimento_Q3
320,KAH8810,28,7,TRUE,comprimento_Q3
321,KAH8810,28,7,TRUE,comprimento_Q3
322,KAH8810,28,7,TRUE,comprimento_Q3
323,KAH8810,28,8,TRUE,comprimento_Q3
324,KAH8810,28,8,TRUE,comprimento_Q3
325,KAH8810,28,8,TRUE,comprimento_Q3
326,KAH8810,28,8,TRUE,comprimento_Q3
327,KAH8810,29,5,TRUE,comprimento_Q4
328,KAH8810,29,5,TRUE,comprimento_Q4
329,KAH8810,29,5,TRUE,comprimento_Q4
330,KAH8810,29,5,TRUE,comprimento_Q4
331,KAH8810,29,5,TRUE,comprimento_Q4
332,KAH8810,29,5,TRUE,comprimento_Q4
333,KAH8810,29,5,TRUE,comprimento_Q4
334,KAH8810,29,5,TRUE,comprimento_Q4
335,KAH8810,29,6,TRUE,comprimento_Q4
336,KAH8810,29,6,TRUE,comprimento_Q4
337,KAH8810,29,7,TRUE,comprimento_Q4
338,KAH8810,29,7,TRUE,comprimento_Q4
339,KAH8810,29,7,TRUE,comprimento_Q4
340,KAH8810,29,8,TRUE,comprimento_Q4
341,KAH8810,29,8,TRUE,comprimento_Q4
342,KAH8810,29,8,TRUE,comprimento_Q4
343,KAH8810,29,8,TRUE,comprimento_Q4
344,KAH8810,29,8,TRUE,comprimento_Q4
345,KAH8810,29,8,TRUE,comprimento_Q4
346,KAH8810,29,9,TRUE,comprimento_Q4
347,KAH8810,30,4,TRUE,comprimento_Q4
348,KAH8810,30,5,TRUE,comprimento_Q4
349,KAH8810,30,5,TRUE,comprimento_Q4
350,KAH8810,30,5,TRUE,comprimento_Q4
351,KAH8810,30,5,TRUE,comprimento_Q4
352,KAH8810,30,5,TRUE,comprimento_Q4
353,KAH8810,30,5,TRUE,comprimento_Q4
354,KAH8810,30,5,TRUE,comprimento_Q4
355,KAH8810,30,6,TRUE,comprimento_Q4
356,KAH8810,30,6,TRUE,comprimento_Q4
357,KAH8810,30,7,TRUE,comprimento_Q4
358,KAH8810,30,8,TRUE,comprimento_Q4
359,KAH8810,30,8,TRUE,comprimento_Q4
360,KAH8810,30,8,TRUE,comprimento_Q4
361,KAH8810,30,8,TRUE,comprimento_Q4
362,KAH8810,30,8,TRUE,comprimento_Q4
363,KAH8810,30,8,TRUE,comprimento_Q4
364,KAH8810,30,8,TRUE,comprimento_Q4
365,KAH8810,30,9,TRUE,comprimento_Q4
366,KAH8810,30,10,TRUE,comprimento_Q4
367,KAH8810,31,5,TRUE,comprimento_Q4
368,KAH8810,31,5,TRUE,comprimento_Q4
369,KAH8810,31,5,TRUE,comprimento_Q4
370,KAH8810,31,5,TRUE,comprimento_Q4
371,KAH8810,31,5,TRUE,comprimento_Q4
372,KAH8810,31,5,TRUE,comprimento_Q4
373,KAH8810,31,8,TRUE,comprimento_Q4
374,KAH8810,31,8,TRUE,comprimento_Q4
375,KAH8810,31,8,TRUE,comprimento_Q4
376,KAH8810,31,8,TRUE,comprimento_Q4
377,KAH8810,31,8,TRUE,comprimento_Q4
378,KAH8810,31,8,TRUE,comprimento_Q4
379,KAH8810,31,8,TRUE,comprimento_Q4
380,KAH8810,31,8,TRUE,comprimento_Q4
381,KAH8810,31,8,TRUE,comprimento_Q4
382,KAH8810,31,8,TRUE,comprimento_Q4
383,KAH8810,31,9,TRUE,comprimento_Q4
384,KAH8810,31,9,TRUE,comprimento_Q4
385,KAH8810,31,9,TRUE,comprimento_Q4
386,KAH8810,31,10,TRUE,comprimento_Q4
387,KAH8810,32,5,TRUE,comprimento_Q4
388,KAH8810,32,5,TRUE,comprimento_Q4
389,KAH8810,32,5,TRUE,comprimento_Q4
390,KAH8810,32,5,TRUE,comprimento_Q4
391,KAH8810,32,5,TRUE,comprimento_Q4
392,KAH8810,32,6,TRUE,comprimento_Q4
393,KAH8810,32,6,TRUE,comprimento_Q4
394,KAH8810,32,8,TRUE,comprimento_Q4
395,KAH8810,32,8,TRUE,comprimento_Q4
396,KAH8810,32,8,TRUE,comprimento_Q4
397,KAH8810,32,8,TRUE,comprimento_Q4
398,KAH8810,32,8,TRUE,comprimento_Q4
399,KAH8810,32,8,TRUE,comprimento_Q4
400,KAH8810,32,8,TRUE,comprimento_Q4
401,KAH8810,32,8,TRUE,comprimento_Q4
402,KAH8810,32,8,TRUE,comprimento_Q4
403,KAH8810,32,9,TRUE,comprimento_Q4
404,KAH8810,32,9,TRUE,comprimento_Q4
405,KAH8810,32,9,TRUE,comprimento_Q4
406,KAH8810,32,10,TRUE,comprimento_Q4
407,KAH8810,33,5,TRUE,comprimento_Q4
408,KAH8810,33,5,TRUE,comprimento_Q4
409,KAH8810,33,7,TRUE,comprimento_Q4
410,KAH8810,33,7,TRUE,comprimento_Q4
411,KAH8810,33,8,TRUE,comprimento_Q4
412,KAH8810,33,8,TRUE,comprimento_Q4
413,KAH8810,33,8,TRUE,comprimento_Q4
414,KAH8810,33,8,TRUE,comprimento_Q4
415,KAH8810,33,8,TRUE,comprimento_Q4
416,KAH8810,33,8,TRUE,comprimento_Q4
417,KAH8810,33,8,TRUE,comprimento_Q4
418,KAH8810,33,8,TRUE,comprimento_Q4
419,KAH8810,33,8,TRUE,comprimento_Q4
420,KAH8810,33,8,TRUE,comprimento_Q4
421,KAH8810,33,8,TRUE,comprimento_Q4
422,KAH8810,33,9,TRUE,comprimento_Q4
423,KAH8810,33,9,TRUE,comprimento_Q4
424,KAH8810,33,9,TRUE,comprimento_Q4
425,KAH8810,33,9,TRUE,comprimento_Q4
426,KAH8810,33,10,TRUE,comprimento_Q4
427,KAH8810,33,13,TRUE,comprimento_Q4
428,KAH8810,34,5,TRUE,comprimento_Q4
429,KAH8810,34,6,TRUE,comprimento_Q4
430,KAH8810,34,7,TRUE,comprimento_Q4
431,KAH8810,34,7,TRUE,comprimento_Q4
432,KAH8810,34,7,TRUE,comprimento_Q4
433,KAH8810,34,8,TRUE,comprimento_Q4
434,KAH8810,34,8,TRUE,comprimento_Q4
435,KAH8810,34,8,TRUE,comprimento_Q4
436,KAH8810,34,8,TRUE,comprimento_Q4
437,KAH8810,34,8,TRUE,comprimento_Q4
438,KAH8810,34,8,TRUE,comprimento_Q4
439,KAH8810,34,8,TRUE,comprimento_Q4
440,KAH8810,34,9,TRUE,comprimento_Q4
441,KAH8810,34,9,TRUE,comprimento_Q4
442,KAH8810,34,9,TRUE,comprimento_Q4
443,KAH8810,34,9,TRUE,comprimento_Q4
444,KAH8810,34,9,TRUE,comprimento_Q4
445,KAH8810,34,10,TRUE,comprimento_Q4
446,KAH8810,34,10,TRUE,comprimento_Q4
447,KAH8810,34,11,TRUE,comprimento_Q4
448,KAH8810,34,11,TRUE,comprimento_Q4
449,KAH8810,35,7,TRUE,comprimento_Q4
450,KAH8810,35,7,TRUE,comprimento_Q4
451,KAH8810,35,7,TRUE,comprimento_Q4
452,KAH8810,35,8,TRUE,comprimento_Q4
453,KAH8810,35,8,TRUE,comprimento_Q4
454,KAH8810,35,8,TRUE,comprimento_Q4
455,KAH8810,35,8,TRUE,comprimento_Q4
456,KAH8810,35,8,TRUE,comprimento_Q4
457,KAH8810,35,8,TRUE,comprimento_Q4
458,KAH8810,35,8,TRUE,comprimento_Q4
459,KAH8810,35,8,TRUE,comprimento_Q4
460,KAH8810,35,8,TRUE,comprimento_Q4
461,KAH8810,35,9,TRUE,comprimento_Q4
462,KAH8810,35,9,TRUE,comprimento_Q4
463,KAH8810,35,9,TRUE,comprimento_Q4
464,KAH8810,35,9,TRUE,comprimento_Q4
465,KAH8810,35,9,TRUE,comprimento_Q4
466,KAH8810,35,11,TRUE,comprimento_Q4
467,KAH8810,35,12,TRUE,comprimento_Q4
468,KAH8810,36,6,TRUE,comprimento_Q4
469,KAH8810,36,7,TRUE,comprimento_Q4
470,KAH8810,36,8,TRUE,comprimento_Q4
471,KAH8810,36,8,TRUE,comprimento_Q4
472,KAH8810,36,8,TRUE,comprimento_Q4
473,KAH8810,36,8,TRUE,comprimento_Q4
474,KAH8810,36,8,TRUE,comprimento_Q4
475,KAH8810,36,8,TRUE,comprimento_Q4
476,KAH8810,36,8,TRUE,comprimento_Q4
477,KAH8810,36,8,TRUE,comprimento_Q4
478,KAH8810,36,9,TRUE,comprimento_Q4
479,KAH8810,36,9,TRUE,comprimento_Q4
480,KAH8810,36,10,TRUE,comprimento_Q4
481,KAH8810,36,10,TRUE,comprimento_Q4
482,KAH8810,36,10,TRUE,comprimento_Q4
483,KAH8810,36,15,TRUE,comprimento_Q4
484,KAH8810,37,8,TRUE,comprimento_Q4
485,KAH8810,37,8,TRUE,comprimento_Q4
486,KAH8810,37,8,TRUE,comprimento_Q4
487,KAH8810,37,8,TRUE,comprimento_Q4
488,KAH8810,37,8,TRUE,comprimento_Q4
489,KAH8810,37,8,TRUE,comprimento_Q4
490,KAH8810,37,9,TRUE,comprimento_Q4
491,KAH8810,37,9,TRUE,comprimento_Q4
492,KAH8810,37,9,TRUE,comprimento_Q4
493,KAH8810,37,9,TRUE,comprimento_Q4
494,KAH8810,37,9,TRUE,comprimento_Q4
495,KAH8810,37,10,TRUE,comprimento_Q4
496,KAH8810,37,11,TRUE,comprimento_Q4
497,KAH8810,37,11,TRUE,comprimento_Q4
498,KAH8810,38,6,TRUE,comprimento_Q4
499,KAH8810,38,8,TRUE,comprimento_Q4
500,KAH8810,38,8,TRUE,comprimento_Q4
501,KAH8810,38,8,TRUE,comprimento_Q4
502,KAH8810,38,8,TRUE,comprimento_Q4
503,KAH8810,38,9,TRUE,comprimento_Q4
504,KAH8810,38,9,TRUE,comprimento_Q4
505,KAH8810,38,9,TRUE,comprimento_Q4
506,KAH8810,38,9,TRUE,comprimento_Q4
507,KAH8810,38,10,TRUE,comprimento_Q4
508,KAH8810,38,11,TRUE,comprimento_Q4
509,KAH8810,38,11,TRUE,comprimento_Q4
510,KAH8810,38,13,TRUE,comprimento_Q4
511,KAH8810,38,15,TRUE,comprimento_Q4
512,KAH8810,39,7,TRUE,comprimento_Q4
513,KAH8810,39,8,TRUE,comprimento_Q4
514,KAH8810,39,8,TRUE,comprimento_Q4
515,KAH8810,39,8,TRUE,comprimento_Q4
516,KAH8810,39,8,TRUE,comprimento_Q4
517,KAH8810,39,8,TRUE,comprimento_Q4
518,KAH8810,39,9,TRUE,comprimento_Q4
519,KAH8810,39,9,TRUE,comprimento_Q4
520,KAH8810,39,9,TRUE,comprimento_Q4
521,KAH8810,39,9,TRUE,comprimento_Q4
522,KAH8810,39,9,TRUE,comprimento_Q4
523,KAH8810,39,9,TRUE,comprimento_Q4
524,KAH8810,39,10,TRUE,comprimento_Q4
525,KAH8810,39,10,TRUE,comprimento_Q4
526,KAH8810,39,10,TRUE,comprimento_Q4
527,KAH8810,39,11,TRUE,comprimento_Q4
528,KAH8810,40,7,TRUE,comprimento_Q4
529,KAH8810,40,8,TRUE,comprimento_Q4
530,KAH8810,40,8,TRUE,comprimento_Q4
531,KAH8810,40,8,TRUE,comprimento_Q4
532,KAH8810,40,8,TRUE,comprimento_Q4
533,KAH8810,40,8,TRUE,comprimento_Q4
534,KAH8810,40,9,TRUE,comprimento_Q4
535,KAH8810,40,9,TRUE,comprimento_Q4
536,KAH8810,40,9,TRUE,comprimento_Q4
537,KAH8810,40,9,TRUE,comprimento_Q4
538,KAH8810,40,10,TRUE,comprimento_Q4
539,KAH8810,40,10,TRUE,comprimento_Q4
540,KAH8810,40,11,TRUE,comprimento_Q4
541,KAH8810,40,12,TRUE,comprimento_Q4
542,KAH8810,40,13,TRUE,comprimento_Q4
543,KAH8810,40,14,TRUE,comprimento_Q4
544,KAH8810,40,15,TRUE,comprimento_Q4
545,KAH8810,41,8,TRUE,comprimento_Q4
546,KAH8810,41,9,TRUE,comprimento_Q4
547,KAH8810,41,9,TRUE,comprimento_Q4
548,KAH8810,41,9,TRUE,comprimento_Q4
549,KAH8810,41,9,TRUE,comprimento_Q4
550,KAH8810,41,9,TRUE,comprimento_Q4
551,KAH8810,41,9,TRUE,comprimento_Q4
552,KAH8810,41,10,TRUE,comprimento_Q4
553,KAH8810,41,10,TRUE,comprimento_Q4
554,KAH8810,41,11,TRUE,comprimento_Q4
555,KAH8810,41,11,TRUE,comprimento_Q4
556,KAH8810,41,12,TRUE,comprimento_Q4
557,KAH8810,42,8,TRUE,comprimento_Q4
558,KAH8810,42,8,TRUE,comprimento_Q4
559,KAH8810,42,8,TRUE,comprimento_Q4
560,KAH8810,42,9,TRUE,comprimento_Q4
561,KAH8810,42,9,TRUE,comprimento_Q4
562,KAH8810,42,9,TRUE,comprimento_Q4
563,KAH8810,42,10,TRUE,comprimento_Q4
564,KAH8810,42,10,TRUE,comprimento_Q4
565,KAH8810,42,11,TRUE,comprimento_Q4
566,KAH8810,42,11,TRUE,comprimento_Q4
567,KAH8810,42,11,TRUE,comprimento_Q4
568,KAH8810,42,15,TRUE,comprimento_Q4
569,KAH8810,43,8,TRUE,comprimento_Q4
570,KAH8810,43,9,TRUE,comprimento_Q4
571,KAH8810,43,9,TRUE,comprimento_Q4
572,KAH8810,43,9,TRUE,comprimento_Q4
573,KAH8810,43,9,TRUE,comprimento_Q4
574,KAH8810,43,9,TRUE,comprimento_Q4
575,KAH8810,43,9,TRUE,comprimento_Q4
576,KAH8810,43,9,TRUE,comprimento_Q4
577,KAH8810,43,10,TRUE,comprimento_Q4
578,KAH8810,43,11,TRUE,comprimento_Q4
579,KAH8810,43,11,TRUE,comprimento_Q4
580,KAH8810,43,11,TRUE,comprimento_Q4
581,KAH8810,43,11,TRUE,comprimento_Q4
582,KAH8810,43,12,TRUE,comprimento_Q4
583,KAH8810,43,15,TRUE,comprimento_Q4
584,KAH8810,43,16,TRUE,comprimento_Q4
585,KAH8810,44,9,TRUE,comprimento_Q4
586,KAH8810,44,9,TRUE,comprimento_Q4
587,KAH8810,44,9,TRUE,comprimento_Q4
588,KAH8810,44,9,TRUE,comprimento_Q4
589,KAH8810,44,9,TRUE,comprimento_Q4
590,KAH8810,44,9,TRUE,comprimento_Q4
591,KAH8810,44,10,TRUE,comprimento_Q4
592,KAH8810,44,10,TRUE,comprimento_Q4
593,KAH8810,44,10,TRUE,comprimento_Q4
594,KAH8810,44,11,TRUE,comprimento_Q4
595,KAH8810,44,11,TRUE,comprimento_Q4
596,KAH8810,44,11,TRUE,comprimento_Q4
597,KAH8810,44,11,TRUE,comprimento_Q4
598,KAH8810,44,12,TRUE,comprimento_Q4
599,KAH8810,44,13,TRUE,comprimento_Q4
600,KAH8810,44,14,TRUE,comprimento_Q4
601,KAH8810,44,20,TRUE,comprimento_Q4
602,KAH8810,45,8,TRUE,comprimento_Q4
603,KAH8810,45,9,TRUE,comprimento_Q4
604,KAH8810,45,10,TRUE,comprimento_Q4
605,KAH8810,45,10,TRUE,comprimento_Q4
606,KAH8810,45,11,TRUE,comprimento_Q4
607,KAH8810,45,11,TRUE,comprimento_Q4
608,KAH8810,45,12,TRUE,comprimento_Q4
609,KAH8810,45,12,TRUE,comprimento_Q4
610,KAH8810,45,12,TRUE,comprimento_Q4
611,KAH8810,45,14,TRUE,comprimento_Q4
612,KAH8810,45,15,TRUE,comprimento_Q4
613,KAH8810,46,8,TRUE,comprimento_Q4
614,KAH8810,46,9,TRUE,comprimento_Q4
615,KAH8810,46,9,TRUE,comprimento_Q4
616,KAH8810,46,10,TRUE,comprimento_Q4
617,KAH8810,46,10,TRUE,comprimento_Q4
618,KAH8810,46,11,TRUE,comprimento_Q4
619,KAH8810,46,11,TRUE,comprimento_Q4
620,KAH8810,46,11,TRUE,comprimento_Q4
621,KAH8810,46,12,TRUE,comprimento_Q4
622,KAH8810,46,13,TRUE,comprimento_Q4
623,KAH8810,46,13,TRUE,comprimento_Q4
624,KAH8810,46,14,TRUE,comprimento_Q4
625,KAH8810,46,14,TRUE,comprimento_Q4
626,KAH8810,46,14,TRUE,comprimento_Q4
627,KAH8810,46,18,TRUE,comprimento_Q4
628,KAH8810,46,20,TRUE,comprimento_Q4
629,KAH8810,46,20,TRUE,comprimento_Q4
630,KAH8810,47,9,TRUE,comprimento_Q4
631,KAH8810,47,9,TRUE,comprimento_Q4
632,KAH8810,47,10,TRUE,comprimento_Q4
633,KAH8810,47,11,TRUE,comprimento_Q4
634,KAH8810,47,11,TRUE,comprimento_Q4
635,KAH8810,47,11,TRUE,comprimento_Q4
636,KAH8810,47,12,TRUE,comprimento_Q4
637,KAH8810,47,12,TRUE,comprimento_Q4
638,KAH8810,47,15,TRUE,comprimento_Q4
639,KAH8810,47,15,TRUE,comprimento_Q4
640,KAH8810,47,18,TRUE,comprimento_Q4
641,KAH8810,48,9,TRUE,comprimento_Q4
642,KAH8810,48,9,TRUE,comprimento_Q4
643,KAH8810,48,9,TRUE,comprimento_Q4
644,KAH8810,48,10,TRUE,comprimento_Q4
645,KAH8810,48,10,TRUE,comprimento_Q4
646,KAH8810,48,10,TRUE,comprimento_Q4
647,KAH8810,48,10,TRUE,comprimento_Q4
648,KAH8810,48,11,TRUE,comprimento_Q4
649,KAH8810,48,11,TRUE,comprimento_Q4
650,KAH8810,48,11,TRUE,comprimento_Q4
651,KAH8810,48,11,TRUE,comprimento_Q4
652,KAH8810,48,13,TRUE,comprimento_Q4
653,KAH8810,48,13,TRUE,comprimento_Q4
654,KAH8810,48,16,TRUE,comprimento_Q4
655,KAH8810,48,16,TRUE,comprimento_Q4
656,KAH8810,48,20,TRUE,comprimento_Q4
657,KAH8810,49,11,TRUE,comprimento_Q4
658,KAH8810,49,11,TRUE,comprimento_Q4
659,KAH8810,49,12,TRUE,comprimento_Q4
660,KAH8810,49,13,TRUE,comprimento_Q4
661,KAH8810,49,15,TRUE,comprimento_Q4
662,KAH8810,49,15,TRUE,comprimento_Q4
663,KAH8810,49,18,TRUE,comprimento_Q4
664,KAH8810,49,18,TRUE,comprimento_Q4
665,KAH8810,49,20,TRUE,comprimento_Q4
666,KAH8810,49,20,TRUE,comprimento_Q4
667,KAH8810,50,11,TRUE,comprimento_Q4
668,KAH8810,50,14,TRUE,comprimento_Q4
669,KAH8810,50,14,TRUE,comprimento_Q4
670,KAH8810,50,15,TRUE,comprimento_Q4
671,KAH8810,50,16,TRUE,comprimento_Q4
672,KAH8810,50,20,TRUE,comprimento_Q4
673,KAH8810,50,20,TRUE,comprimento_Q4
674,KAH8810,51,11,TRUE,comprimento_Q4
675,KAH8810,51,11,TRUE,comprimento_Q4
676,KAH8810,51,15,TRUE,comprimento_Q4
677,KAH8810,51,15,TRUE,comprimento_Q4
678,KAH8810,51,16,TRUE,comprimento_Q4
679,KAH8810,51,20,TRUE,comprimento_Q4
680,KAH8810,51,20,TRUE,comprimento_Q4
681,KAH8810,51,20,TRUE,comprimento_Q4
682,KAH8810,52,11,TRUE,comprimento_Q4
683,KAH8810,52,11,TRUE,comprimento_Q4
684,KAH8810,52,12,TRUE,comprimento_Q4
685,KAH8810,52,13,TRUE,comprimento_Q4
686,KAH8810,52,15,TRUE,comprimento_Q4
687,KAH8810,52,15,TRUE,comprimento_Q4
688,KAH8810,52,15,TRUE,comprimento_Q4
689,KAH8810,52,16,TRUE,comprimento_Q4
690,KAH8810,52,20,TRUE,comprimento_Q4
691,KAH8810,52,20,TRUE,comprimento_Q4
692,KAH8810,53,12,TRUE,comprimento_Q4
693,KAH8810,53,14,TRUE,comprimento_Q4
694,KAH8810,53,15,TRUE,comprimento_Q4
695,KAH8810,53,16,TRUE,comprimento_Q4
696,KAH8810,53,19,TRUE,comprimento_Q4
697,KAH8810,53,20,TRUE,comprimento_Q4
698,KAH8810,53,20,TRUE,comprimento_Q4
699,KAH8810,54,13,TRUE,comprimento_Q4
700,KAH8810,54,20,TRUE,comprimento_Q4
701,KAH8810,54,20,TRUE,comprimento_Q4
702,KAH8810,55,16,TRUE,comprimento_Q4
703,KAH8810,55,19,TRUE,comprimento_Q4
704,KAH8810,55,20,TRUE,comprimento_Q4
705,KAH8810,57,18,TRUE,comprimento_Q4
706,KAH8810,57,18,TRUE,comprimento_Q4
707,KAH8810,58,11,TRUE,comprimento_Q4
708,KAH8810,58,20,TRUE,comprimento_Q4
709,KAH8810,58,20,TRUE,comprimento_Q4
710,KAH8810,60,18,TRUE,comprimento_Q4
711,KAH8810,60,20,TRUE,comprimento_Q4
712,KAH8810,65,20,TRUE,comprimento_Q4
713,KAH8810,65,20,TRUE,comprimento_Q4
9549,KAH0012,7,1,TRUE,comprimento_Q1
9550,KAH0012,7,1,TRUE,comprimento_Q1
9551,KAH0012,8,1,TRUE,comprimento_Q1
9552,KAH0012,8,1,TRUE,comprimento_Q1
9553,KAH0012,8,1,TRUE,comprimento_Q1
9554,KAH0012,8,1,TRUE,comprimento_Q1
9555,KAH0012,8,1,TRUE,comprimento_Q1
9556,KAH0012,8,1,TRUE,comprimento_Q1
9557,KAH0012,8,1,TRUE,comprimento_Q1
9558,KAH0012,8,1,TRUE,comprimento_Q1
9559,KAH0012,9,1,TRUE,comprimento_Q1
9560,KAH0012,9,1,TRUE,comprimento_Q1
9561,KAH0012,9,1,TRUE,comprimento_Q1
9562,KAH0012,9,1,TRUE,comprimento_Q1
9563,KAH0012,9,1,TRUE,comprimento_Q1
9564,KAH0012,9,1,TRUE,comprimento_Q1
9565,KAH0012,9,1,TRUE,comprimento_Q1
9566,KAH0012,9,1,TRUE,comprimento_Q1
9567,KAH0012,9,1,TRUE,comprimento_Q1
9568,KAH0012,9,1,TRUE,comprimento_Q1
9569,KAH0012,9,1,TRUE,comprimento_Q1
9570,KAH0012,9,1,TRUE,comprimento_Q1
9571,KAH0012,9,1,TRUE,comprimento_Q1
9572,KAH0012,9,1,TRUE,comprimento_Q1
9573,KAH0012,9,1,TRUE,comprimento_Q1
9574,KAH0012,10,1,TRUE,comprimento_Q1
9575,KAH0012,10,1,TRUE,comprimento_Q1
9576,KAH0012,10,1,TRUE,comprimento_Q1
9577,KAH0012,10,1,TRUE,comprimento_Q1
9578,KAH0012,10,1,TRUE,comprimento_Q1
9579,KAH0012,10,1,TRUE,comprimento_Q1
9580,KAH0012,10,1,TRUE,comprimento_Q1
9581,KAH0012,10,1,TRUE,comprimento_Q1
9582,KAH0012,10,1,TRUE,comprimento_Q1
9583,KAH0012,10,1,TRUE,comprimento_Q1
9584,KAH0012,10,1,TRUE,comprimento_Q1
9585,KAH0012,10,1,TRUE,comprimento_Q1
9586,KAH0012,10,1,TRUE,comprimento_Q1
9587,KAH0012,10,1,TRUE,comprimento_Q1
9588,KAH0012,10,1,TRUE,comprimento_Q1
9589,KAH0012,10,1,TRUE,comprimento_Q1
9590,KAH0012,10,1,TRUE,comprimento_Q1
9591,KAH0012,10,1,TRUE,comprimento_Q1
9592,KAH0012,10,1,TRUE,comprimento_Q1
9593,KAH0012,10,1,TRUE,comprimento_Q1
9594,KAH0012,10,1,TRUE,comprimento_Q1
9595,KAH0012,10,1,TRUE,comprimento_Q1
9596,KAH0012,11,1,TRUE,comprimento_Q1
9597,KAH0012,11,1,TRUE,comprimento_Q1
9598,KAH0012,11,1,TRUE,comprimento_Q1
9599,KAH0012,11,1,TRUE,comprimento_Q1
9600,KAH0012,11,1,TRUE,comprimento_Q1
9601,KAH0012,11,1,TRUE,comprimento_Q1
9602,KAH0012,11,1,TRUE,comprimento_Q1
9603,KAH0012,11,1,TRUE,comprimento_Q1
9604,KAH0012,11,1,TRUE,comprimento_Q1
9605,KAH0012,11,1,TRUE,comprimento_Q1
9606,KAH0012,11,1,TRUE,comprimento_Q1
9607,KAH0012,11,1,TRUE,comprimento_Q1
9608,KAH0012,11,1,TRUE,comprimento_Q1
9609,KAH0012,11,1,TRUE,comprimento_Q1
9610,KAH0012,11,1,TRUE,comprimento_Q1
9611,KAH0012,11,1,TRUE,comprimento_Q1
9612,KAH0012,11,1,TRUE,comprimento_Q1
9613,KAH0012,11,1,TRUE,comprimento_Q1
9614,KAH0012,11,1,TRUE,comprimento_Q1
9615,KAH0012,11,1,TRUE,comprimento_Q1
9616,KAH0012,11,1,TRUE,comprimento_Q1
9617,KAH0012,11,1,TRUE,comprimento_Q1
9618,KAH0012,12,1,TRUE,comprimento_Q1
9619,KAH0012,12,1,TRUE,comprimento_Q1
9620,KAH0012,12,1,TRUE,comprimento_Q1
9621,KAH0012,12,1,TRUE,comprimento_Q1
9622,KAH0012,12,1,TRUE,comprimento_Q1
9623,KAH0012,12,1,TRUE,comprimento_Q1
9624,KAH0012,12,1,TRUE,comprimento_Q1
9625,KAH0012,12,1,TRUE,comprimento_Q1
9626,KAH0012,12,1,TRUE,comprimento_Q1
9627,KAH0012,12,1,TRUE,comprimento_Q1
9628,KAH0012,12,1,TRUE,comprimento_Q1
9629,KAH0012,12,1,TRUE,comprimento_Q1
9630,KAH0012,12,1,TRUE,comprimento_Q1
9631,KAH0012,12,1,TRUE,comprimento_Q1
9632,KAH0012,12,1,TRUE,comprimento_Q1
9633,KAH0012,12,1,TRUE,comprimento_Q1
9634,KAH0012,12,1,TRUE,comprimento_Q1
9635,KAH0012,12,1,TRUE,comprimento_Q1
9636,KAH0012,12,1,TRUE,comprimento_Q1
9637,KAH0012,12,2,TRUE,comprimento_Q1
9638,KAH0012,13,2,TRUE,comprimento_Q1
9639,KAH0012,13,2,TRUE,comprimento_Q1
9640,KAH0012,13,2,TRUE,comprimento_Q1
9641,KAH0012,13,2,TRUE,comprimento_Q1
9642,KAH0012,13,2,TRUE,comprimento_Q1
9643,KAH0012,13,2,TRUE,comprimento_Q1
9644,KAH0012,13,2,TRUE,comprimento_Q1
9645,KAH0012,13,2,TRUE,comprimento_Q1
9646,KAH0012,13,2,TRUE,comprimento_Q1
9647,KAH0012,13,2,TRUE,comprimento_Q1
9648,KAH0012,14,2,TRUE,comprimento_Q1
9649,KAH0012,14,2,TRUE,comprimento_Q1
9650,KAH0012,14,2,TRUE,comprimento_Q1
9651,KAH0012,14,2,TRUE,comprimento_Q1
9652,KAH0012,14,2,TRUE,comprimento_Q1
9653,KAH0012,14,2,TRUE,comprimento_Q1
9654,KAH0012,14,2,TRUE,comprimento_Q1
9655,KAH0012,14,2,TRUE,comprimento_Q1
9656,KAH0012,14,2,TRUE,comprimento_Q1
9657,KAH0012,14,2,TRUE,comprimento_Q1
9658,KAH0012,14,2,TRUE,comprimento_Q1
9659,KAH0012,14,2,TRUE,comprimento_Q1
9660,KAH0012,14,2,TRUE,comprimento_Q1
9661,KAH0012,14,2,TRUE,comprimento_Q1
9662,KAH0012,14,2,TRUE,comprimento_Q1
9663,KAH0012,14,2,TRUE,comprimento_Q1
9664,KAH0012,14,2,TRUE,comprimento_Q1
9665,KAH0012,15,2,TRUE,comprimento_Q1
9666,KAH0012,15,2,TRUE,comprimento_Q1
9667,KAH0012,15,2,TRUE,comprimento_Q1
9668,KAH0012,15,2,TRUE,comprimento_Q1
9669,KAH0012,15,2,TRUE,comprimento_Q1
9670,KAH0012,15,2,TRUE,comprimento_Q1
9671,KAH0012,15,2,TRUE,comprimento_Q1
9672,KAH0012,15,2,TRUE,comprimento_Q1
9673,KAH0012,15,2,TRUE,comprimento_Q1
9674,KAH0012,15,2,TRUE,comprimento_Q1
9675,KAH0012,15,2,TRUE,comprimento_Q1
9676,KAH0012,15,2,TRUE,comprimento_Q1
9677,KAH0012,15,2,TRUE,comprimento_Q1
9678,KAH0012,15,2,TRUE,comprimento_Q1
9679,KAH0012,15,2,TRUE,comprimento_Q1
9680,KAH0012,15,2,TRUE,comprimento_Q1
9681,KAH0012,15,2,TRUE,comprimento_Q1
9682,KAH0012,15,2,TRUE,comprimento_Q1
9683,KAH0012,15,2,TRUE,comprimento_Q1
9684,KAH0012,15,2,TRUE,comprimento_Q1
9685,KAH0012,15,2,TRUE,comprimento_Q1
9686,KAH0012,15,2,TRUE,comprimento_Q1
9687,KAH0012,15,2,TRUE,comprimento_Q1
9688,KAH0012,15,2,TRUE,comprimento_Q1
9689,KAH0012,15,2,TRUE,comprimento_Q1
9690,KAH0012,15,2,TRUE,comprimento_Q1
9691,KAH0012,16,2,TRUE,comprimento_Q1
9692,KAH0012,16,2,TRUE,comprimento_Q1
9693,KAH0012,16,2,TRUE,comprimento_Q1
9694,KAH0012,16,2,TRUE,comprimento_Q1
9695,KAH0012,16,2,TRUE,comprimento_Q1
9696,KAH0012,16,2,TRUE,comprimento_Q1
9697,KAH0012,16,2,TRUE,comprimento_Q1
9698,KAH0012,16,2,TRUE,comprimento_Q1
9699,KAH0012,16,2,TRUE,comprimento_Q1
9700,KAH0012,16,2,TRUE,comprimento_Q1
9701,KAH0012,16,2,TRUE,comprimento_Q1
9702,KAH0012,16,2,TRUE,comprimento_Q1
9703,KAH0012,16,2,TRUE,comprimento_Q1
9704,KAH0012,16,2,TRUE,comprimento_Q1
9705,KAH0012,16,2,TRUE,comprimento_Q1
9706,KAH0012,16,2,TRUE,comprimento_Q1
9707,KAH0012,16,2,TRUE,comprimento_Q1
9708,KAH0012,16,2,TRUE,comprimento_Q1
9709,KAH0012,16,2,TRUE,comprimento_Q1
9710,KAH0012,16,2,TRUE,comprimento_Q1
9711,KAH0012,17,2,TRUE,comprimento_Q1
9712,KAH0012,17,2,TRUE,comprimento_Q1
9713,KAH0012,17,2,TRUE,comprimento_Q1
9714,KAH0012,17,2,TRUE,comprimento_Q1
9715,KAH0012,17,2,TRUE,comprimento_Q1
9716,KAH0012,17,2,TRUE,comprimento_Q1
9717,KAH0012,17,2,TRUE,comprimento_Q1
9718,KAH0012,17,2,TRUE,comprimento_Q1
9719,KAH0012,17,2,TRUE,comprimento_Q1
9720,KAH0012,17,2,TRUE,comprimento_Q1
9721,KAH0012,17,2,TRUE,comprimento_Q1
9722,KAH0012,17,2,TRUE,comprimento_Q1
9723,KAH0012,17,2,TRUE,comprimento_Q1
9724,KAH0012,17,2,TRUE,comprimento_Q1
9725,KAH0012,17,2,TRUE,comprimento_Q1
9726,KAH0012,17,2,TRUE,comprimento_Q1
9727,KAH0012,17,2,TRUE,comprimento_Q1
9728,KAH0012,17,2,TRUE,comprimento_Q1
9729,KAH0012,17,3,TRUE,comprimento_Q1
9730,KAH0012,17,3,TRUE,comprimento_Q1
9731,KAH0012,17,3,TRUE,comprimento_Q1
9732,KAH0012,17,3,TRUE,comprimento_Q1
9733,KAH0012,17,3,TRUE,comprimento_Q1
9734,KAH0012,17,3,TRUE,comprimento_Q1
9735,KAH0012,18,2,TRUE,comprimento_Q2
9736,KAH0012,18,2,TRUE,comprimento_Q2
9737,KAH0012,18,2,TRUE,comprimento_Q2
9738,KAH0012,18,2,TRUE,comprimento_Q2
9739,KAH0012,18,2,TRUE,comprimento_Q2
9740,KAH0012,18,2,TRUE,comprimento_Q2
9741,KAH0012,18,2,TRUE,comprimento_Q2
9742,KAH0012,18,3,TRUE,comprimento_Q2
9743,KAH0012,18,3,TRUE,comprimento_Q2
9744,KAH0012,18,3,TRUE,comprimento_Q2
9745,KAH0012,18,3,TRUE,comprimento_Q2
9746,KAH0012,18,3,TRUE,comprimento_Q2
9747,KAH0012,18,3,TRUE,comprimento_Q2
9748,KAH0012,18,3,TRUE,comprimento_Q2
9749,KAH0012,18,3,TRUE,comprimento_Q2
9750,KAH0012,18,3,TRUE,comprimento_Q2
9751,KAH0012,18,3,TRUE,comprimento_Q2
9752,KAH0012,18,3,TRUE,comprimento_Q2
9753,KAH0012,18,3,TRUE,comprimento_Q2
9754,KAH0012,18,3,TRUE,comprimento_Q2
9755,KAH0012,18,3,TRUE,comprimento_Q2
9756,KAH0012,18,3,TRUE,comprimento_Q2
9757,KAH0012,18,3,TRUE,comprimento_Q2
9758,KAH0012,19,2,TRUE,comprimento_Q2
9759,KAH0012,19,2,TRUE,comprimento_Q2
9760,KAH0012,19,2,TRUE,comprimento_Q2
9761,KAH0012,19,2,TRUE,comprimento_Q2
9762,KAH0012,19,3,TRUE,comprimento_Q2
9763,KAH0012,19,3,TRUE,comprimento_Q2
9764,KAH0012,19,3,TRUE,comprimento_Q2
9765,KAH0012,19,3,TRUE,comprimento_Q2
9766,KAH0012,19,3,TRUE,comprimento_Q2
9767,KAH0012,19,3,TRUE,comprimento_Q2
9768,KAH0012,19,3,TRUE,comprimento_Q2
9769,KAH0012,19,3,TRUE,comprimento_Q2
9770,KAH0012,19,3,TRUE,comprimento_Q2
9771,KAH0012,19,3,TRUE,comprimento_Q2
9772,KAH0012,19,3,TRUE,comprimento_Q2
9773,KAH0012,19,3,TRUE,comprimento_Q2
9774,KAH0012,19,3,TRUE,comprimento_Q2
9775,KAH0012,19,3,TRUE,comprimento_Q2
9776,KAH0012,19,3,TRUE,comprimento_Q2
9777,KAH0012,19,3,TRUE,comprimento_Q2
9778,KAH0012,19,3,TRUE,comprimento_Q2
9779,KAH0012,19,3,TRUE,comprimento_Q2
9780,KAH0012,19,4,TRUE,comprimento_Q2
9781,KAH0012,20,3,TRUE,comprimento_Q2
9782,KAH0012,20,3,TRUE,comprimento_Q2
9783,KAH0012,20,3,TRUE,comprimento_Q2
9784,KAH0012,20,3,TRUE,comprimento_Q2
9785,KAH0012,20,3,TRUE,comprimento_Q2
9786,KAH0012,20,3,TRUE,comprimento_Q2
9787,KAH0012,20,3,TRUE,comprimento_Q2
9788,KAH0012,20,3,TRUE,comprimento_Q2
9789,KAH0012,20,3,TRUE,comprimento_Q2
9790,KAH0012,20,3,TRUE,comprimento_Q2
9791,KAH0012,20,3,TRUE,comprimento_Q2
9792,KAH0012,20,3,TRUE,comprimento_Q2
9793,KAH0012,20,3,TRUE,comprimento_Q2
9794,KAH0012,20,3,TRUE,comprimento_Q2
9795,KAH0012,20,3,TRUE,comprimento_Q2
9796,KAH0012,20,3,TRUE,comprimento_Q2
9797,KAH0012,20,3,TRUE,comprimento_Q2
9798,KAH0012,20,3,TRUE,comprimento_Q2
9799,KAH0012,20,3,TRUE,comprimento_Q2
9800,KAH0012,20,3,TRUE,comprimento_Q2
9801,KAH0012,20,4,TRUE,comprimento_Q2
9802,KAH0012,20,4,TRUE,comprimento_Q2
9803,KAH0012,21,3,TRUE,comprimento_Q2
9804,KAH0012,21,3,TRUE,comprimento_Q2
9805,KAH0012,21,3,TRUE,comprimento_Q2
9806,KAH0012,21,3,TRUE,comprimento_Q2
9807,KAH0012,21,3,TRUE,comprimento_Q2
9808,KAH0012,21,3,TRUE,comprimento_Q2
9809,KAH0012,21,3,TRUE,comprimento_Q2
9810,KAH0012,21,3,TRUE,comprimento_Q2
9811,KAH0012,21,3,TRUE,comprimento_Q2
9812,KAH0012,21,3,TRUE,comprimento_Q2
9813,KAH0012,21,3,TRUE,comprimento_Q2
9814,KAH0012,21,3,TRUE,comprimento_Q2
9815,KAH0012,21,3,TRUE,comprimento_Q2
9816,KAH0012,21,3,TRUE,comprimento_Q2
9817,KAH0012,21,3,TRUE,comprimento_Q2
9818,KAH0012,21,3,TRUE,comprimento_Q2
9819,KAH0012,21,4,TRUE,comprimento_Q2
9820,KAH0012,21,4,TRUE,comprimento_Q2
9821,KAH0012,21,4,TRUE,comprimento_Q2
9822,KAH0012,21,5,TRUE,comprimento_Q2
9823,KAH0012,21,6,TRUE,comprimento_Q2
9824,KAH0012,22,3,TRUE,comprimento_Q2
9825,KAH0012,22,3,TRUE,comprimento_Q2
9826,KAH0012,22,3,TRUE,comprimento_Q2
9827,KAH0012,22,3,TRUE,comprimento_Q2
9828,KAH0012,22,3,TRUE,comprimento_Q2
9829,KAH0012,22,3,TRUE,comprimento_Q2
9830,KAH0012,22,3,TRUE,comprimento_Q2
9831,KAH0012,22,3,TRUE,comprimento_Q2
9832,KAH0012,22,3,TRUE,comprimento_Q2
9833,KAH0012,22,3,TRUE,comprimento_Q2
9834,KAH0012,22,3,TRUE,comprimento_Q2
9835,KAH0012,22,3,TRUE,comprimento_Q2
9836,KAH0012,22,3,TRUE,comprimento_Q2
9837,KAH0012,22,3,TRUE,comprimento_Q2
9838,KAH0012,22,4,TRUE,comprimento_Q2
9839,KAH0012,22,4,TRUE,comprimento_Q2
9840,KAH0012,22,4,TRUE,comprimento_Q2
9841,KAH0012,22,5,TRUE,comprimento_Q2
9842,KAH0012,22,5,TRUE,comprimento_Q2
9843,KAH0012,22,5,TRUE,comprimento_Q2
9844,KAH0012,22,6,TRUE,comprimento_Q2
9845,KAH0012,23,3,TRUE,comprimento_Q2
9846,KAH0012,23,3,TRUE,comprimento_Q2
9847,KAH0012,23,3,TRUE,comprimento_Q2
9848,KAH0012,23,3,TRUE,comprimento_Q2
9849,KAH0012,23,3,TRUE,comprimento_Q2
9850,KAH0012,23,3,TRUE,comprimento_Q2
9851,KAH0012,23,4,TRUE,comprimento_Q2
9852,KAH0012,23,4,TRUE,comprimento_Q2
9853,KAH0012,23,4,TRUE,comprimento_Q2
9854,KAH0012,23,4,TRUE,comprimento_Q2
9855,KAH0012,23,4,TRUE,comprimento_Q2
9856,KAH0012,23,5,TRUE,comprimento_Q2
9857,KAH0012,23,5,TRUE,comprimento_Q2
9858,KAH0012,23,5,TRUE,comprimento_Q2
9859,KAH0012,23,5,TRUE,comprimento_Q2
9860,KAH0012,23,5,TRUE,comprimento_Q2
9861,KAH0012,23,5,TRUE,comprimento_Q2
9862,KAH0012,23,5,TRUE,comprimento_Q2
9863,KAH0012,23,5,TRUE,comprimento_Q2
9864,KAH0012,23,6,TRUE,comprimento_Q2
9865,KAH0012,23,6,TRUE,comprimento_Q2
9866,KAH0012,23,9,TRUE,comprimento_Q2
9867,KAH0012,24,3,TRUE,comprimento_Q3
9868,KAH0012,24,3,TRUE,comprimento_Q3
9869,KAH0012,24,3,TRUE,comprimento_Q3
9870,KAH0012,24,3,TRUE,comprimento_Q3
9871,KAH0012,24,5,TRUE,comprimento_Q3
9872,KAH0012,24,5,TRUE,comprimento_Q3
9873,KAH0012,24,5,TRUE,comprimento_Q3
9874,KAH0012,24,5,TRUE,comprimento_Q3
9875,KAH0012,24,5,TRUE,comprimento_Q3
9876,KAH0012,24,5,TRUE,comprimento_Q3
9877,KAH0012,24,5,TRUE,comprimento_Q3
9878,KAH0012,24,5,TRUE,comprimento_Q3
9879,KAH0012,24,5,TRUE,comprimento_Q3
9880,KAH0012,24,5,TRUE,comprimento_Q3
9881,KAH0012,24,5,TRUE,comprimento_Q3
9882,KAH0012,24,5,TRUE,comprimento_Q3
9883,KAH0012,24,5,TRUE,comprimento_Q3
9884,KAH0012,24,5,TRUE,comprimento_Q3
9885,KAH0012,24,5,TRUE,comprimento_Q3
9886,KAH0012,24,5,TRUE,comprimento_Q3
9887,KAH0012,24,6,TRUE,comprimento_Q3
9888,KAH0012,24,6,TRUE,comprimento_Q3
9889,KAH0012,24,6,TRUE,comprimento_Q3
9890,KAH0012,24,7,TRUE,comprimento_Q3
9891,KAH0012,24,8,TRUE,comprimento_Q3
9892,KAH0012,25,4,TRUE,comprimento_Q3
9893,KAH0012,25,4,TRUE,comprimento_Q3
9894,KAH0012,25,4,TRUE,comprimento_Q3
9895,KAH0012,25,5,TRUE,comprimento_Q3
9896,KAH0012,25,5,TRUE,comprimento_Q3
9897,KAH0012,25,5,TRUE,comprimento_Q3
9898,KAH0012,25,5,TRUE,comprimento_Q3
9899,KAH0012,25,5,TRUE,comprimento_Q3
9900,KAH0012,25,5,TRUE,comprimento_Q3
9901,KAH0012,25,5,TRUE,comprimento_Q3
9902,KAH0012,25,5,TRUE,comprimento_Q3
9903,KAH0012,25,6,TRUE,comprimento_Q3
9904,KAH0012,25,6,TRUE,comprimento_Q3
9905,KAH0012,25,6,TRUE,comprimento_Q3
9906,KAH0012,25,6,TRUE,comprimento_Q3
9907,KAH0012,25,7,TRUE,comprimento_Q3
9908,KAH0012,25,7,TRUE,comprimento_Q3
9909,KAH0012,25,7,TRUE,comprimento_Q3
9910,KAH0012,25,7,TRUE,comprimento_Q3
9911,KAH0012,25,7,TRUE,comprimento_Q3
9912,KAH0012,25,9,TRUE,comprimento_Q3
9913,KAH0012,25,10,TRUE,comprimento_Q3
9914,KAH0012,26,4,TRUE,comprimento_Q3
9915,KAH0012,26,5,TRUE,comprimento_Q3
9916,KAH0012,26,5,TRUE,comprimento_Q3
9917,KAH0012,26,5,TRUE,comprimento_Q3
9918,KAH0012,26,5,TRUE,comprimento_Q3
9919,KAH0012,26,6,TRUE,comprimento_Q3
9920,KAH0012,26,7,TRUE,comprimento_Q3
9921,KAH0012,26,8,TRUE,comprimento_Q3
9922,KAH0012,26,8,TRUE,comprimento_Q3
9923,KAH0012,26,8,TRUE,comprimento_Q3
9924,KAH0012,26,8,TRUE,comprimento_Q3
9925,KAH0012,26,9,TRUE,comprimento_Q3
9926,KAH0012,26,10,TRUE,comprimento_Q3
9927,KAH0012,26,10,TRUE,comprimento_Q3
9928,KAH0012,27,5,TRUE,comprimento_Q3
9929,KAH0012,27,6,TRUE,comprimento_Q3
9930,KAH0012,27,6,TRUE,comprimento_Q3
9931,KAH0012,27,7,TRUE,comprimento_Q3
9932,KAH0012,27,7,TRUE,comprimento_Q3
9933,KAH0012,27,7,TRUE,comprimento_Q3
9934,KAH0012,27,7,TRUE,comprimento_Q3
9935,KAH0012,27,7,TRUE,comprimento_Q3
9936,KAH0012,27,9,TRUE,comprimento_Q3
9937,KAH0012,27,10,TRUE,comprimento_Q3
9938,KAH0012,27,12,TRUE,comprimento_Q3
9939,KAH0012,27,12,TRUE,comprimento_Q3
9940,KAH0012,27,13,TRUE,comprimento_Q3
9941,KAH0012,27,15,TRUE,comprimento_Q3
9942,KAH0012,28,5,TRUE,comprimento_Q3
9943,KAH0012,28,5,TRUE,comprimento_Q3
9944,KAH0012,28,6,TRUE,comprimento_Q3
9945,KAH0012,28,7,TRUE,comprimento_Q3
9946,KAH0012,28,7,TRUE,comprimento_Q3
9947,KAH0012,28,8,TRUE,comprimento_Q3
9948,KAH0012,28,8,TRUE,comprimento_Q3
9949,KAH0012,28,8,TRUE,comprimento_Q3
9950,KAH0012,28,8,TRUE,comprimento_Q3
9951,KAH0012,28,9,TRUE,comprimento_Q3
9952,KAH0012,28,10,TRUE,comprimento_Q3
9953,KAH0012,28,10,TRUE,comprimento_Q3
9954,KAH0012,28,13,TRUE,comprimento_Q3
9955,KAH0012,29,7,TRUE,comprimento_Q4
9956,KAH0012,29,8,TRUE,comprimento_Q4
9957,KAH0012,29,8,TRUE,comprimento_Q4
9958,KAH0012,29,8,TRUE,comprimento_Q4
9959,KAH0012,29,10,TRUE,comprimento_Q4
9960,KAH0012,29,10,TRUE,comprimento_Q4
9961,KAH0012,29,10,TRUE,comprimento_Q4
9962,KAH0012,29,11,TRUE,comprimento_Q4
9963,KAH0012,29,12,TRUE,comprimento_Q4
9964,KAH0012,29,12,TRUE,comprimento_Q4
9965,KAH0012,29,13,TRUE,comprimento_Q4
9966,KAH0012,30,6,TRUE,comprimento_Q4
9967,KAH0012,30,6,TRUE,comprimento_Q4
9968,KAH0012,30,6,TRUE,comprimento_Q4
9969,KAH0012,30,6,TRUE,comprimento_Q4
9970,KAH0012,30,7,TRUE,comprimento_Q4
9971,KAH0012,30,7,TRUE,comprimento_Q4
9972,KAH0012,30,8,TRUE,comprimento_Q4
9973,KAH0012,30,8,TRUE,comprimento_Q4
9974,KAH0012,30,9,TRUE,comprimento_Q4
9975,KAH0012,30,9,TRUE,comprimento_Q4
9976,KAH0012,30,12,TRUE,comprimento_Q4
9977,KAH0012,31,6,TRUE,comprimento_Q4
9978,KAH0012,31,7,TRUE,comprimento_Q4
9979,KAH0012,31,8,TRUE,comprimento_Q4
9980,KAH0012,31,8,TRUE,comprimento_Q4
9981,KAH0012,31,10,TRUE,comprimento_Q4
9982,KAH0012,31,10,TRUE,comprimento_Q4
9983,KAH0012,31,10,TRUE,comprimento_Q4
9984,KAH0012,31,10,TRUE,comprimento_Q4
9985,KAH0012,31,12,TRUE,comprimento_Q4
9986,KAH0012,31,12,TRUE,comprimento_Q4
9987,KAH0012,32,6,TRUE,comprimento_Q4
9988,KAH0012,32,7,TRUE,comprimento_Q4
9989,KAH0012,32,8,TRUE,comprimento_Q4
9990,KAH0012,32,9,TRUE,comprimento_Q4
9991,KAH0012,32,10,TRUE,comprimento_Q4
9992,KAH0012,32,11,TRUE,comprimento_Q4
9993,KAH0012,32,11,TRUE,comprimento_Q4
9994,KAH0012,33,6,TRUE,comprimento_Q4
9995,KAH0012,33,7,TRUE,comprimento_Q4
9996,KAH0012,33,8,TRUE,comprimento_Q4
9997,KAH0012,33,8,TRUE,comprimento_Q4
9998,KAH0012,33,9,TRUE,comprimento_Q4
9999,KAH0012,33,12,TRUE,comprimento_Q4
10000,KAH0012,33,18,TRUE,comprimento_Q4
10001,KAH0012,34,7,TRUE,comprimento_Q4
10002,KAH0012,34,7,TRUE,comprimento_Q4
10003,KAH0012,34,8,TRUE,comprimento_Q4
10004,KAH0012,34,9,TRUE,comprimento_Q4
10005,KAH0012,34,9,TRUE,comprimento_Q4
10006,KAH0012,34,10,TRUE,comprimento_Q4
10007,KAH0012,34,10,TRUE,comprimento_Q4
10008,KAH0012,34,12,TRUE,comprimento_Q4
10009,KAH0012,34,16,TRUE,comprimento_Q4
10010,KAH0012,35,7,TRUE,comprimento_Q4
10011,KAH0012,35,8,TRUE,comprimento_Q4
10012,KAH0012,35,9,TRUE,comprimento_Q4
10013,KAH0012,35,9,TRUE,comprimento_Q4
10014,KAH0012,35,10,TRUE,comprimento_Q4
10015,KAH0012,35,10,TRUE,comprimento_Q4
10016,KAH0012,35,10,TRUE,comprimento_Q4
10017,KAH0012,35,10,TRUE,comprimento_Q4
10018,KAH0012,35,12,TRUE,comprimento_Q4
10019,KAH0012,35,16,TRUE,comprimento_Q4
10020,KAH0012,35,17,TRUE,comprimento_Q4
10021,KAH0012,36,7,TRUE,comprimento_Q4
10022,KAH0012,36,8,TRUE,comprimento_Q4
10023,KAH0012,36,8,TRUE,comprimento_Q4
10024,KAH0012,36,8,TRUE,comprimento_Q4
10025,KAH0012,36,9,TRUE,comprimento_Q4
10026,KAH0012,36,10,TRUE,comprimento_Q4
10027,KAH0012,36,10,TRUE,comprimento_Q4
10028,KAH0012,36,10,TRUE,comprimento_Q4
10029,KAH0012,36,11,TRUE,comprimento_Q4
10030,KAH0012,36,12,TRUE,comprimento_Q4
10031,KAH0012,36,12,TRUE,comprimento_Q4
10032,KAH0012,37,7,TRUE,comprimento_Q4
10033,KAH0012,37,10,TRUE,comprimento_Q4
10034,KAH0012,37,10,TRUE,comprimento_Q4
10035,KAH0012,37,11,TRUE,comprimento_Q4
10036,KAH0012,37,11,TRUE,comprimento_Q4
10037,KAH0012,37,12,TRUE,comprimento_Q4
10038,KAH0012,37,12,TRUE,comprimento_Q4
10039,KAH0012,37,13,TRUE,comprimento_Q4
10040,KAH0012,37,13,TRUE,comprimento_Q4
10041,KAH0012,37,20,TRUE,comprimento_Q4
10042,KAH0012,38,9,TRUE,comprimento_Q4
10043,KAH0012,38,10,TRUE,comprimento_Q4
10044,KAH0012,38,10,TRUE,comprimento_Q4
10045,KAH0012,38,10,TRUE,comprimento_Q4
10046,KAH0012,38,12,TRUE,comprimento_Q4
10047,KAH0012,38,12,TRUE,comprimento_Q4
10048,KAH0012,38,12,TRUE,comprimento_Q4
10049,KAH0012,38,13,TRUE,comprimento_Q4
10050,KAH0012,38,13,TRUE,comprimento_Q4
10051,KAH0012,38,14,TRUE,comprimento_Q4
10052,KAH0012,39,8,TRUE,comprimento_Q4
10053,KAH0012,39,10,TRUE,comprimento_Q4
10054,KAH0012,39,11,TRUE,comprimento_Q4
10055,KAH0012,39,12,TRUE,comprimento_Q4
10056,KAH0012,39,12,TRUE,comprimento_Q4
10057,KAH0012,39,14,TRUE,comprimento_Q4
10058,KAH0012,39,15,TRUE,comprimento_Q4
10059,KAH0012,39,15,TRUE,comprimento_Q4
10060,KAH0012,40,8,TRUE,comprimento_Q4
10061,KAH0012,40,9,TRUE,comprimento_Q4
10062,KAH0012,40,10,TRUE,comprimento_Q4
10063,KAH0012,40,12,TRUE,comprimento_Q4
10064,KAH0012,40,12,TRUE,comprimento_Q4
10065,KAH0012,40,13,TRUE,comprimento_Q4
10066,KAH0012,40,15,TRUE,comprimento_Q4
10067,KAH0012,40,15,TRUE,comprimento_Q4
10068,KAH0012,40,16,TRUE,comprimento_Q4
10069,KAH0012,40,17,TRUE,comprimento_Q4
10070,KAH0012,41,8,TRUE,comprimento_Q4
10071,KAH0012,41,10,TRUE,comprimento_Q4
10072,KAH0012,41,11,TRUE,comprimento_Q4
10073,KAH0012,41,12,TRUE,comprimento_Q4
10074,KAH0012,41,12,TRUE,comprimento_Q4
10075,KAH0012,41,15,TRUE,comprimento_Q4
10076,KAH0012,41,16,TRUE,comprimento_Q4
10077,KAH0012,41,20,TRUE,comprimento_Q4
10078,KAH0012,42,9,TRUE,comprimento_Q4
10079,KAH0012,42,10,TRUE,comprimento_Q4
10080,KAH0012,42,12,TRUE,comprimento_Q4
10081,KAH0012,42,12,TRUE,comprimento_Q4
10082,KAH0012,42,12,TRUE,comprimento_Q4
10083,KAH0012,42,13,TRUE,comprimento_Q4
10084,KAH0012,42,15,TRUE,comprimento_Q4
10085,KAH0012,42,17,TRUE,comprimento_Q4
10086,KAH0012,42,18,TRUE,comprimento_Q4
10087,KAH0012,43,10,TRUE,comprimento_Q4
10088,KAH0012,43,11,TRUE,comprimento_Q4
10089,KAH0012,43,12,TRUE,comprimento_Q4
10090,KAH0012,43,12,TRUE,comprimento_Q4
10091,KAH0012,43,13,TRUE,comprimento_Q4
10092,KAH0012,43,15,TRUE,comprimento_Q4
10093,KAH0012,43,15,TRUE,comprimento_Q4
10094,KAH0012,43,15,TRUE,comprimento_Q4
10095,KAH0012,43,16,TRUE,comprimento_Q4
10096,KAH0012,44,10,TRUE,comprimento_Q4
10097,KAH0012,44,12,TRUE,comprimento_Q4
10098,KAH0012,44,12,TRUE,comprimento_Q4
10099,KAH0012,44,12,TRUE,comprimento_Q4
10100,KAH0012,44,12,TRUE,comprimento_Q4
10101,KAH0012,44,13,TRUE,comprimento_Q4
10102,KAH0012,44,13,TRUE,comprimento_Q4
10103,KAH0012,44,15,TRUE,comprimento_Q4
10104,KAH0012,44,17,TRUE,comprimento_Q4
10105,KAH0012,45,10,TRUE,comprimento_Q4
10106,KAH0012,45,13,TRUE,comprimento_Q4
10107,KAH0012,45,13,TRUE,comprimento_Q4
10108,KAH0012,45,14,TRUE,comprimento_Q4
10109,KAH0012,45,14,TRUE,comprimento_Q4
10110,KAH0012,45,15,TRUE,comprimento_Q4
10111,KAH0012,45,15,TRUE,comprimento_Q4
10112,KAH0012,45,16,TRUE,comprimento_Q4
10113,KAH0012,45,17,TRUE,comprimento_Q4
10114,KAH0012,46,10,TRUE,comprimento_Q4
10115,KAH0012,46,13,TRUE,comprimento_Q4
10116,KAH0012,46,13,TRUE,comprimento_Q4
10117,KAH0012,46,14,TRUE,comprimento_Q4
10118,KAH0012,46,15,TRUE,comprimento_Q4
10119,KAH0012,47,10,TRUE,comprimento_Q4
10120,KAH0012,47,11,TRUE,comprimento_Q4
10121,KAH0012,47,11,TRUE,comprimento_Q4
10122,KAH0012,47,13,TRUE,comprimento_Q4
10123,KAH0012,47,16,TRUE,comprimento_Q4
10124,KAH0012,47,18,TRUE,comprimento_Q4
10125,KAH0012,48,9,TRUE,comprimento_Q4
10126,KAH0012,48,10,TRUE,comprimento_Q4
10127,KAH0012,48,12,TRUE,comprimento_Q4
10128,KAH0012,48,12,TRUE,comprimento_Q4
10129,KAH0012,48,15,TRUE,comprimento_Q4
10130,KAH0012,49,11,TRUE,comprimento_Q4
10131,KAH0012,49,11,TRUE,comprimento_Q4
10132,KAH0012,49,12,TRUE,comprimento_Q4
10133,KAH0012,49,13,TRUE,comprimento_Q4
10134,KAH0012,49,13,TRUE,comprimento_Q4
10135,KAH0012,49,15,TRUE,comprimento_Q4
10136,KAH0012,49,15,TRUE,comprimento_Q4
10137,KAH0012,49,16,TRUE,comprimento_Q4
10138,KAH0012,50,14,TRUE,comprimento_Q4
10139,KAH0012,50,16,TRUE,comprimento_Q4
10140,KAH0012,50,17,TRUE,comprimento_Q4
10141,KAH0012,51,12,TRUE,comprimento_Q4
10142,KAH0012,51,13,TRUE,comprimento_Q4
10143,KAH0012,51,17,TRUE,comprimento_Q4
10144,KAH0012,51,20,TRUE,comprimento_Q4
10145,KAH0012,52,17,TRUE,comprimento_Q4
10146,KAH0012,53,14,TRUE,comprimento_Q4
10147,KAH0012,53,16,TRUE,comprimento_Q4
10148,KAH0012,53,18,TRUE,comprimento_Q4
10149,KAH0012,53,20,TRUE,comprimento_Q4
10150,KAH0012,54,15,TRUE,comprimento_Q4
10151,KAH0012,54,15,TRUE,comprimento_Q4
10152,KAH0012,54,17,TRUE,comprimento_Q4
10153,KAH0012,55,13,TRUE,comprimento_Q4
10154,KAH0012,55,17,TRUE,comprimento_Q4
10155,KAH0012,55,20,TRUE,comprimento_Q4
10156,KAH0012,56,20,TRUE,comprimento_Q4
10157,KAH0012,57,15,TRUE,comprimento_Q4
10158,KAH0012,57,17,TRUE,comprimento_Q4
10159,KAH0012,60,17,TRUE,comprimento_Q4
10160,KAH0012,60,20,TRUE,comprimento_Q4
10161,KAH0012,61,15,TRUE,comprimento_Q4
10162,KAH0012,62,19,TRUE,comprimento_Q4
10163,KAH0012,64,20,TRUE,comprimento_Q4
10164,KAH0012,65,20,TRUE,comprimento_Q4
10165,KAH0012,67,20,TRUE,comprimento_Q4
10166,KAH0012,70,20,TRUE,comprimento_Q4
